Samuel,Cashwan,1900,1988,sculptor
Carl,Holty,1900,1973,painter
Fred,Kabotie,,1900,1986,painter,silversmith
Rico,Lebrun,1900,1964,painter
Fannie,Nampeyo,1900,1987,potter,ceramic,artist
Alice,Neel,1900,1984,painter
Betty,Parsons,1900,1982,painter,gallerist
Virginia,True,1900,1989,painter
Jack,Tworkov,1900,1982,painter
Adja,Yunkers,1900,1983,painter
James,Richmond,Barthé,1901,1989,sculptor
Francis,Criss,1901,1973,painter
Dorothy,Dehner,1901,1994,sculptor,printmaker
Beauford,Delaney,1901,1979,painter
Walt,Disney,1901,1966,cartoonist,animator,filmmaker
Philip,Evergood,1901,1973,painter,printmaker,sculptor
Greta,Kempton,1901,1991,portrait,artist
Richard,Lindner,1901,1978,painter
Louise,Emerson,Ronnebeck,1901,1980,painter
Esther,Rose,1901,1990,painter,calligrapher
Albert,Swinden,1901,1961,painter
John,Augustus,Walker,1901,1967,painter
Elof,Wedin,1901,1983,artist
Ansel,Easton,Adams,1902,1984,photographer
Isabel,Bishop,1902,1988,painter,printmaker
Dorr,Bothwell,1902,2000,painter,printmaker
Alexander,Cañedo,1902,1978,surrealism,magic,realism
Roger,Wilson,Dennis,1902,1996,painter,art,conservator
Lee,Gatch,1902,1968,painter,muralist
Donal,Hord,1902,1966,sculptor
Paul,Kelpe,1902,1985,painter
Kenzo,Okada,1902,1982,painter
I.,Rice,Pereira,1902,1971,painter
Pietro,Pezzati,1902,1993,painter
Charles,Pollock,1902,1988,painter
Isaac,Soyer,1902,1981,painter
Maxine,Albro,1903,1966,painter,muralist,lithographer,mosaic,artist,sculptor
Walter,Inglis,Anderson,1903,1965,painter
Joseph,Cornell,1903,1972,sculptor,filmmaker
Vestie,Davis,1903,1978,self,taught,artist
Elwood,Decker,1903,1992,painter
Stephen,Etnier,1903,1984,painter
Walker,Evans,1903,1975,photographer
Adolph,Gottlieb,1903,1974,painter
Robert,Gwathmey,1903,1988,painter
Al,Hirschfeld,1903,2003,caricaturist
Seymour,Lipton,1903,1986,sculptor
Charles,S.,Martz,1903,1966,painter,photographer
Isamu,Noguchi,1903,1988,sculptor
Mark,Rothko,1903,1970,painter
Louis,Schanker,1903,1981,painter
Ethel,Schwabacher,1903,1984,painter
Bernarda,Bryson,Shahn,1903,2004,painter,lithographer
Karl,Zerbe,1903,1972,painter
Margaret,Bourke,White,1904,1971,photographer
Hans,Burkhardt,1904,1994,painter
Paul,Cadmus,1904,1999,painter,printmaker
Clarence,Holbrook,Carter,1904,2000,painter
Arshile,Gorky,1904,1948,painter
Chaim,Gross,1904,1991,sculptor
Murray,Hantman,1904,1999,painter,muralist
Peter,Hurd,1904,1984,painter
Willem,de,Kooning,1904,1997,painter
Fletcher,Martin,1904,1979,painter
Nan,Phelps,1904,1990,painter
Jose,de,Rivera,1904,1985,sculptor
Clyfford,Still,1904,1980,painter
Leonard,Bahr,1905,1990,painter,muralist,illustrator
Grace,Clements,1905,1969,muralist,mosaicist,art,critic
Perle,Fine,1905,1988,painter
Jared,French,1905,1988,painter
Forrest,Hibbits,1905,1996,watercolor,painter,illustrator
Winnifred,Hudson,1905,1996,abstract,painter
Lois,Mailou,Jones,1905,1998,painter
Martin,W.,Kellogg,1905,1989,portrait,painter
Doris,Lee,1905,1983,painter
Paul,Meltsner,1905,1966,painter
Barnett,Newman,1905,1970,painter
Sanford,Plummer,1905,1974,watercolor,painter
James,Amos,Porter,1905,1970,painter,art,historian
Anton,Refregier,1905,1979,painter
Kurt,Roesch,1905,1984,painter
Ray,Strong,1905,2006,painter
Harry,Anderson,1906,1996,painter,illustrator
Peter,Blume,1906,1992,painter
James,Brooks,1906,1992,painter,muralist
Ralston,Crawford,1906,1978,painter,lithographer,photographer
Burgoyne,Diller,1906,1965,painter
Herbert,Ferber,1906,1991,sculptor
Philip,Johnson,1906,2005,architect,art,collector
Dorothy,Morang,1906,1994,painter,pastelist
David,Smith,1906,1965,sculptor
Leon,Polk,Smith,1906,1996,painter
Charles,Alston,1907,1977,painter
Acee,Blue,Eagle,1907,1959,painter,muralist
Ilya,Bolotowsky,1907,1981,painter,printmaker
Marie,Z.,Chino,1907,1982,potter,ceramic,artist
Constance,Edith,Fowler,1907,1996,painter,printmaker
Jon,Gnagy,1907,1981,painter,illustrator,television,art,instructor
Jacob,Kainen,1909,2001,painter
Albert,Kotin,1907,1980,painter
Tom,Lea,1907,2001,muralist,illustrator,painter
Michael,Loew,1907,1985,painter
Harry,Mintz,1907,2002,painter
Walter,Tandy,Murch,1907,1967,painter
Fairfield,Porter,1907,1975,painter
Gregorio,Prestopino,1907,1984,painter
George,Rickey,1907,2002,sculptor
Theodore,Roszak,1907,1981,sculptor,painter
Millard,Sheets,1907,1989,painter
Henriette,Wyeth,1907,1997,painter
Claire,Falkenstein,1908,1997,sculptor
Sybil,Gibson,1908,1995,painter
Herblock,1908,2001,political,cartoonist
Lee,Krasner,1908,1984,painter
Helen,Lundeberg,1908,1999,painter
Nicholas,Marsicano,1908,1991,painter
George,McNeil,1908,1995,painter
Wilber,Moore,Stilwell,1908,1974,depression,era,artist
Roger,Tory,Peterson,1908,1996,graphic,artist,illustrator,naturalist
Minor,White,1908,1976,photographer
Gertrude,Abercrombie,1909,1977,Surrealist,painter
Al,Capp,1909,1979,cartoonist
Ettore,"""Ted""",DeGrazia,1909,1982,impressionist,painter,sculptor,lithographer
Enrico,Donati,1909,2008,painter
Jacob,Lipkin,1909,1996,sculptor
Cornelia,MacIntyre,Foley,1909,2010,painter
Charles,Gordon,1909,1978,watercolor,artist
Dorothy,Stratton,King,1909,2007,painter,printmaker
Norman,Lewis,1909,1979,painter
Alex,Raymond,1909,1956,cartoonist
Herman,Rose,1909,2007,painter
Manfred,Schwartz,1909,1970,painter
Fay,Morgan,Taylor,1909,1990,modernist,artist
Leonard,Bocour,1910,1993,paint,maker,painter
Paul,Feeley,1910,1966,painter
James,FitzGerald,1910,1973,sculptor,painter
Morris,Graves,1910,2001,painter,printmaker
Hiroshi,Honda,1910,1970,painter
Franz,Kline,1910,1962,painter
Fuller,Potter,1910,1990,painter
Mitchell,Siporin,1910,1976,painter
Hedda,Sterne,1910,2011,painter
Dorothea,Tanning,1910,2012,painter,surrealist
Arnold,Arbeit,1911,1974,architect,sculptor,painter
Will,Barnet,1911,2012,painter,printmaker
Romare,Bearden,1911,1988,painter,printmaker
Louise,Bourgeois,1911,2010,sculptor,printmaker
Eleanor,Layfield,Davis,1911,1985,painter,sculptor
John,McCrady,1911,1968,painter
Carl,Morris,1911,1993,painter,muralist
Hilda,Grossman,Morris,1911,1991,sculptor
David,Park,1911,1960,painter
Kara,Shepherd,1911,surrealist,painter
Charles,Addams,1912,1988,cartoonist
William,Baziotes,1912,1963,painter
William,Congdon,1912,1998,painter
William,Franklin,Draper,1912,2003,painter
Fay,Kleinman,1912,2012,painter
Ida,Kohlmeyer,1912,1997,painter,sculptor
Alexander,Liberman,1912,1999,painter,sculptor
Morris,Louis,1912,1962,painter
Agnes,Martin,1912,2004,painter
Phillip,Pavia,1912,2005,sculptor
Jackson,Pollock,1912,1956,painter
Raymond,Francis,Robbins,1912,1980,intricate,realist,paintings
Walter,Sanford,1912,1987,artist
Tony,Smith,1912,1980,sculptor
George,Sugarman,1912,1999,sculptor
Carl,Thorp,1912,1989,impressionist,landscapes
Peter,Agostini,1913,1993
Ralph,Leon,Bagley,1913,2008,artist,art,instructor
Hyman,Bloom,1913,2009,painter
Lawrence,Calcagno,1913,1993,painter
Robert,Capa,1913,1954,photographer
Mary,Gehr,1913,1997,painter,printmaker
Philip,Guston,1913,1980,painter,printmaker
Reuben,Kadish,1913,1992,sculptor
James,Kelly,1913,2003,painter
Ibram,Lassaw,1913,2003,sculptor
Conrad,Marca,Relli,1913,2000,collage,artist,painter
Mercedes,Matter,1913,2001,painter
Ruthe,Katherine,Pearlman,1913,2007,painter,art,educator
Ad,Reinhardt,1913,1967,painter
Bettina,Steinke,1913,1999,painter,muralist
Glen,Alps,1914,1996,printmaker,sculptor
Ward,Brackett,1914,2006,illustrator
Nassos,Daphnis,1914,2010,painter
Allan,Houser,1914,1994,painter,sculptor
Gwendolyn,Knight,1914,2005,painter
Tony,Rosenthal,1914,2009,sculptor
Alton,Tobey,1914,2005,painter,muralist,illustrator
Emerson,Woelffer,1914,2003,painter
Elizabeth,Catlett,1915,2012,sculptor,printmaker
Claude,Clark,1915,2001,painter
John,Rogers,Cox,1915,1990,painter
Edward,Dugmore,1915,1996,painter
Friedel,Dzubas,1915,1994,painter
Ruth,Gikow,1915,1982,muralist
Sam,Golden,1915,1997,paint,maker,painter
Bob,Kane,1915,1998,cartoonist
Jack,Levine,1915,2010,painter
Clayton,Lewis,1915,1995,painter,sculptor
Richard,Lippold,1915,2002,sculptor
Nellie,Meadows,1915,2006,artist
Robert,Motherwell,1915,1991,painter,printmaker
Hans,Namuth,1915,1990,photographer
Elmer,Bischoff,1916,1991,painter
Warren,Eugene,Brandon,1916,1977,painter
Eyvind,Earle,1916,2000,painter
Joseph,Goto,1916,1994,sculptor
Karl,Kasten,1916,2010,painter,printmake
Ethel,Magafan,1916,1993,painter
Montyne,1916,1989
Alfonso,Ossorio,1916,1990,painter,collagist
Eunice,Parsons,1916,modernist,collagist
Paul,Penczner,1916,2010,painter
Richard,Pousette,Dart,1916,1992,painter
Jon,Schueler,1916,1992,painter
Sylvia,Sleigh,1916,2010,painter
Reuben,Tam,1916,1991,painter
Kathleen,Gemberling,Adkison,1917,2010,abstract,expressionist,painter
Albert,Alcalay,1917,2008,painter
Nicolas,Carone,1917,2010,painter
Maya,Deren,1917,1961,avant,garde,filmmaker,theorist,photographer
Manny,Farber,1917,2008,painter,film,critic
Edith,Frohock,1917,1997,painter,printmaker
Robert,Goodnough,1917,2010,painter
Stephen,Greene,1917,1999,painter
David,Hare,1917,1992,sculptor,photographer
Jacob,Lawrence,1917,2000,painter,printmaker
Louisa,Matthíasdóttir,1917,2000,painter
Milton,Resnick,1917,2004,painter
Robert,Richenburg,1917,2006,painter
Syd,Solomon,1917,2004,painter
Andrew,Wyeth,1917,2009,painter
Ronald,Bladen,1918,1988,sculptor
Cornell,Capa,1918,2008,photographer
Keith,Crown,1918,2010,abstract,painter
Elaine,de,Kooning,1918,1989,painter
Jane,Frank,1918,1986,painter
Cleve,Gray,1918,2004,painter
Stephen,Pace,1918,2010,painter
David,Foster,Pratt,1918,2010,painter
Gerard,Francis,Tempest,1918,2009,painter,sculptor
Charles,Banks,Wilson,1918,2013,painter
Theophilus,Brown,1919,2012,painter
Fritz,Bultman,1919,1985,painter,sculptor
Edward,Corbett,1919,1971,painter
Frederick,Hammersley,1919,2009,painter
Lester,Johnson,1919,2010,painter
Irving,Kriesberg,1919,2009,painter
Alden,Mason,1919,2013,painter
Lee,Mullican,1919,1998,painter
John,Wilde,1919,2006,painter,draughtsman,printmaker
John,Coplans,1920,2003,painter,photographer
Gene,Davis,1920,1985,painter,printmaker
Robert,d’Arista,1929,1987,painter
Jimmy,Ernst,1920,1984,painter
Elaine,Hamilton,1920,2010,painter
Ray,Harryhausen,1920,2013,stop,motion,animator,sculptor
Luchita,Hurtado,1920,painter
Eugene,Mackaben,1920,1984,painter
Roger,Medearis,1920,2001,painter
Albert,Nemethy,1920,1998,painter
Honoré,Desmond,Sharrer,1920,2009,painter
Wayne,Thiebaud,1920,painter,printmaker
George,Tooker,1920,2011,painter
Hannah,Tompkins,1920,1995,painter,printmaker
Paul,Wonner,1920,2008,painter
Herbert,Abrams,1921,2003,painter
Gertrude,Bleiberg,1921,2001,painter
Norman,Bluhm,1921,1999,painter
Edward,Boccia,1921,2012,painter
William,Brice,1921,2008,painter
Thomas,Chimes,1921,2009,painter
Norris,Embry,1921,1981,painter
Charles,Li,Hidley,1921,2003,abstract,expressionist
Al,Jaffee,1921,cartoonist
Frank,Lobdell,1921,2013,painter
Joe,Stefanelli,1921,2017,painter
Anne,Truitt,1921,2004,sculptor
Ralph,Burke,Tyree,1921,1979,painter
Leona,Wood,1921,2008,painter
Leonard,Baskin,1922,2000,sculptor,printmaker
Leland,Bell,1922,1991,painter
Nell,Blaine,1922,1996,painter
Robert,De,Niro,Sr.,1922,1993,painter
Virginia,Dehn,née,Engleman,1922,2005,painter,printmaker
Richard,Diebenkorn,1922,1993,painter,printmaker
Kahlil,Gibran,1922,2008,sculptor,inventor,painter
Helen,Gilbert,1922,2002,painter,kinetic,sculptor
Charlotte,Gilbertson,1922,2014,painter,printmaker
Leon,Golub,1922,2004,painter
Grace,Hartigan,1922,2008,painter
Julius,Hatofsky,1922,2006,painter
John,Hultberg,1922,2005,painter
Matsumi,Kanemitsu,1922,1992,painter,lithographer
Albert,Kresch,1922,painter
Harvey,Littleton,1922,2013,glass,artist
Stan,Masters,1922,2005,painter
Jules,Olitski,1922,2007,painter
Ray,Parker,1922,1990,painter
Charles,Cropper,Parks,1922,2012,sculptor
Haywood,Rivers,1922,2001,painter
Theodoros,Stamos,1922,1997,painter
Richard,Stankiewicz,1922,1983
H.,C.,Westermann,1922,1981,sculptor
Diane,Arbus,1923,1971,photographer
David,Aronson,1923,2015,painter
Richard,Artschwager,1923,2013,painter,sculptor
Robert,Beauchamp,1923,1995,painter
Erlena,Chisolm,Bland,1923,2009,painter
John,Boatright,1923,2006,painter
Ernest,Briggs,1923,1984,painter
John,Ery,Coleman,1923,1993,painter
Jess,Collins,1923,2004,painter,collage,artist
Sam,Francis,1923,1994,painter,printmaker
Charles,Garabedian,1923,2016,painter
Paul,Georges,1923,2002,painter
Shirley,Jaffe,1923,2016,painter
Paul,Jenkins,1923,2012,painter
Ellsworth,Kelly,1923,2015,painter,printmaker
Roy,Lichtenstein,1923,1997,painter,sculptor,printmaker
Knox,Martin,1923,painter,sculptor,muralist
Fred,Mitchell,1923,2013,painter
Ruth,Mountaingrove,1923,2016,feminist,photographer,poet
Larry,Rivers,1923,2002,painter
John,Bageris,1924,artist
George,Brecht,1924,2008,Fluxus,artist,composer
Gandy,Brodie,1924,1975,painter
Robert,Frank,1924,2019,filmmaker,photographer
Jane,Freilicher,1924,2014,painter
Michael,Goldberg,1924,2007,painter
Douglas,Huebler,1924,1997,conceptual,artist
James,Jarvaise,1924,2015,painter
Chris,Karras,1924,2014,painter
LaVerne,Krause,1924,1987,printmaker,painter
John,Levee,1924,2017,painter
Kenneth,Noland,1924,2010,painter
Philip,Pearlstein,1924,painter,printmaker
Beverly,Pepper,1924,sculptor,painter
George,Segal,1924,2000,sculptor
Kendall,Shaw,1924,painter
Peter,Voulkos,1924,2002,ceramic,artist
Charles,Waterhouse,1924,2013,painter,illustrator,sculptor
Jane,Wilson,1924,2015
John,Altoon,1925,1969,painter
Karl,Benjamin,1925,2012,painter
Robert,Colescott,1925,2009,painter
Len,Gridley,Everett,1925,1984,painter
Joseph,Glasco,1925,1996,painter
Duane,Hanson,1925,1996,sculptor
Lila,Katzen,1925,1998,sculptor
Joan,Mitchell,1925,1992,painter,printmaker
Robert,Rauschenberg,1925,2008,all,media
Emmett,Williams,1925,2007,collage,artist,concrete,poet
Stephen,Antonakos,1926,2013,sculptor,light,artist
Hannelore,Baron,1926,1987,collage,artist
Wallace,Berman,1926,1976,assemblage,artist
Stanley,Boxer,1926,2000,painter
Edward,Clark,1926,painter
Rosalyn,Drexler,1926,painter
Nita,Engle,1926,watercolor,painter
Sonia,Gechtoff,1926,2018,painter
Everett,Raymond,Kinstler,1926,2019,painter
Ellen,Lanyon,1926,2013,painter
Ed,Moses,1926,2018,painter
Elva,Nampeyo,1926,1985,potter,ceramic,artist
George,Earl,Ortman,1926,2015,painter
Roland,Petersen,1926,painter
Betye,Saar,1926,assemblage,artist
Charles,Seliger,1926,2009,painter
Nancy,Spero,1926,2009,painter,printmaker,collage,artist
Don,Stivers,1926,2009,painter
Beth,Van,Hoesen,1926,2010,printmaker
Jack,Youngerman,1926,painter
Lilian,Thomas,Burwell,1927,painter,sculptor
Richard,Callner,1927,2007,painter
John,Chamberlain,1927,2011,sculptor
Tony,DeLap,1927,2019,sculptor
Peter,Forakis,1927,2009,sculptor
Al,Hansen,1927,1995,performance,artist,collage,artist,Fluxus,artist
Ray,Johnson,1927,1995,collage,artist,mail,artist
Wolf,Kahn,1927,painter
Allan,Kaprow,1927,2006,painter,assemblagist,performance,artist
Alex,Katz,1927,painter,printmaker
Edward,Kienholz,1927,1994,installation,artist,sculptor
Alfred,Leslie,1927,painter
John,Mason,1927,2019,ceramic,artist
Eleanore,Mikus,1927,2017,painter
Jack,Roth,1927,2004,painter
William,Scharf,1927,2018,painter
Lillian,Schwartz,1927,Digital,artist
Kenneth,Snelson,1927,2016,sculptor
Anne,Tabachnick,1927,1995,painter
John,Paul,Thomas,1927,2001,painter
Ernest,Trova,1927,2009,sculptor
Pat,Adams,1928,painter
Arman,1928,2005,painter,sculptor,experimental,artist
Alice,Baber,1928,1982,painter
Yoong,Bae,1928,1992,painter,sculptor
Allyn,Bromley,printmaker
Rolando,López,Dirube,1928,1997,artist
Thomas,Downing,1928,1985,painter
Ken,Ferguson,1928,2005,ceramist
Helen,Frankenthaler,1928,2011,painter,printmaker
Ralph,Goings,1928,2016,painter
Wally,Hedrick,1928,2003,painter,collage,artist
Al,Held,1928,2005,painter,printmaker
Robert,Indiana,1928,2018,painter,sculptor,printmaker
Robert,Irwin,1928,installation,artist
Donald,Judd,1928,1994,sculptor
Sol,LeWitt,1928,2007,conceptual,artist,installation,artist,sculptor,printmaker
Brian,O'Doherty,aka,Patrick,Ireland,1928,sculptor,painter,installation,artist,conceptual,artist
Nathan,Oliveira,1928,2010,painter,printmaker
Pat,Passlof,1928,2011,painter
Wendell,Thompson,Perkins,1928,1997,painter
Dextra,Nampeyo,Quotskuyva,1928,potter,ceramic,artist
Paul,Resika,1928,painter
Betty,Sabo,1928,2016,landscape,painter,sculptor
David,Simpson,1928,painter
Julian,Stanczak,1928,2017,painter
Anthony,Triano,1928,1997,painter,sculptor,illustrator
Cy,Twombly,1928,2011,painter,sculptor
Andy,Warhol,1928,1987,painter,filmmaker,printmaker
John,Wesley,1928,painter
Ida,Applebroog,1929,painter
Jo,Baer,1929,painter
John,Button,1929,1982,painter
Jay,DeFeo,1929,1989,painter,visual,artist
Jules,Feiffer,1929,cartoonist
Jackie,Ferrara,1929,sculptor
Vassilios,Giavis,1929,historical,illustrator
Howard,Kanovitz,1929,2009,painter
Lyman,Kipp,1929,2014,sculptor
Nicholas,Krushenick,1929,1999,painter
Gabriel,Laderman,1929,2011,painter
Clement,Meadmore,1929,2005,sculptor
Claes,Oldenburg,1929,sculptor
Charles,O.,Perry,1929,2011,sculptor
Raquel,Rabinovich,1929,painter,sculptor
Neil,Welliver,1929,2005,painter
Richard,Anuszkiewicz,1930,painter,sculptor,printmaker
Robert,Arneson,1930,1992,sculptor,ceramist
James,E.,Brewton,1930,1967,painter,printmaker
Harold,Bruder,1930,realist,painter
Annette,Corcoran,1930,graphic,artist,ceramist
Allan,D'Arcangelo,1930,1998,painter,graphic,artist,printmaker
Marisol,Escobar,1930,2016,sculptor,printmaker
Helen,Frank,1930,painter,printmaker
Judith,Godwin,1930,painter
Ron,Gorchov,1930,painter
Jasper,Johns,1930,painter,sculptor,printmaker
Ken,Kerslake,1930,2006,printmaker,painter
Howard,Kottler,1930,1989,ceramist,sculpture
Lee,Lozano,1930,1999,painter
Robert,Natkin,1930,2010,painter
Manuel,Neri,1930,sculptor,painter
Walter,Pashko,1930,2006,surrealism
Deborah,Remington,1930,2010,painter,printmaker
Faith,Ringgold,1930,painter,fabric,artist
Robert,Ryman,1930,2019,painter
Anita,Steckel,1930,2012,graphic,artist
Susan,Weil,1930,painter
Gahan,Wilson,1930,cartoonist
John,Baldessari,1931,conceptual,artist,printmaker
John,Balossi,1931,2007,painter,sculptor
John,Nelson,Battenberg,1931,2012
Jack,Beal,1931,2013,painter
Lee,Bontecou,1931,sculptor,printmaker
Stan,Dann,1931,2013,wood,sculptor
Audrey,Flack,1931,painter
Rolland,Golden,1931,abstract,realist,painter
R.C.,Gorman,1931,2005,painter
Raymond,Han,1931,2017,painter
Fred,Holle,1931,artist,educator
Budd,Hopkins,1931,2011,painter
Howard,Mehring,1931,1978,painter
Malcolm,Morley,1931,2019,painter,printmaker
Robert,Morris,1931,2019,sculptor,conceptual,artist
Marjorie,Strider,1931,2014,sculptor
Tom,Wesselmann,1931,2004,painter,collage,artist
Alan,Bean,1932,2018,former,American,astronaut,painter
Robert,Bechtle,1932,painter
Emilie,Benes,Brzezinski,1932,sculptor
James,Lee,Byars,1932,1997,installation,artist,sculptor,performance,artist
Ron,Ferri,1932,2019,digital,artist
Charles,Hinman,1932,painter
Morris,Katz,1932,2010,painter
Craig,Kauffman,1932,2010,painter,sculptor
Emily,Mason,1932,2019,painter
Nora,Chapa,Mendoza,1932,abstract,painter
Nam,June,Paik,1932,2006,Fluxus,installation,artist
Dorothea,Rockburne,1932,painter
Thomas,J.,Strickland,1932,1999,impressionist,painter
Harry,Tsuchidana,1932,abstract,painter
William,Anastasi,1933,painter
George,Bogart,1933,2005,painter
Kenneth,Wayne,Bushnell,1933,visual,artist
Albert,Contreras,1933,2017,painter
Chryssa,1933,2013,sculptor
Guy,Coheleach,1933,painter
Bruce,Conner,1933,2008,filmmaker,assemblage,artist,sculptor,painter,collagist,graphic,artist,photographer
Dale,Eldred,1933,1993,sculptor
Dan,Flavin,1933,1996,sculptor
Sam,Gilliam,1933,painter,printmaker
Carol,Haerer,1933,2002,painter
Phillip,Hefferton,1933,2008
John,Stuart,Ingle,1933,2010,watercolorist
Alison,Knowles,1933,Fluxus,performance,artist,sound,artist,papermaker,printmaker
Charlotte,Moorman,1933,1991,Fluxus,performance,artist
Ree,Morton,1933,1977,painter,sculptor
Yoko,Ono,1933,installation,artist,sculptor,filmmaker
James,Rosenquist,1933,2017,painter,muralist,printmaker
Joe,Shannon,1933,painter
Stephen,De,Staebler,1933,2011,sculptor
Michelle,Stuart,1933,painter,sculptor,photographer
Mark,di,Suvero,1933,sculptor
Paul,Thek,1933,1988,installation,painting,sculpture
Don,Bachardy,1934,portrait,artist
Walter,Darby,Bannard,1934,2016,painter
Bill,Barrett,1934,sculptor,painter
Billy,Al,Bengston,1934,painter,sculptor
Helen,Bershad,1934,abstract,expressionist,painter
Llyn,Foulkes,1934,painter
James,Gill,1934,painter
Anita,Huffington,1934,sculptor
Yvonne,Jacquette,1934,painter,printmaker
Joni,T.,Johnson,1934,1988,painter
John,McCracken,1934,2011,sculptor
Jay,Milder,1934,painter
Forrest,Moses,1934,abstract,landscape,painter
Irving,Petlin,1934,2018,painter
Gloria,Plevin,1934,painter
Yvonne,Rainer,1934,performance,artist,choreographer,dancer
Peter,Saul,1934,painter
Selina,Trieff,1934,2015,abstract,artist
Harold,Joe,Waldrum,1934,2003,painter,photographer
Neil,Williams,1934,1988,painter
Carl,Andre,1935,minimalist,sculptor
Eleanor,Antin,1935,performance,artist,filmmaker,installation,artist
Christo,1935,environmental,installation,artist
Walter,De,Maria,1935,2013,sculptor
Jim,Dine,1935,painter,sculptor,printmaker
Simmie,Knox,1935,portrait,artist
Al,Loving,1935,2005,painter
Ben,Fortunado,Marcune,1935,figurative,representational,sculptor,painter
Chuck,Oberstein,1935,2002,clown,paintings
Kenneth,Price,1935,2012,ceramist
Joseph,Rael,1935,artist,writer
Mel,Ramos,1935,2018,painter
Hib,Sabin,1935,sculptor
Stanley,Tomshinsky,1935,2004,artist
Carol,Wald,1935,2000,artist,illustrator
Edward,Avedisian,1936,2007,painter
Richard,Estes,1936,painter,printmaker
Hollis,Frampton,1936,1984,experimental,filmmaker,photographer,theorist
Gregory,Gillespie,1936,2000,painter
Hans,Haacke,1936,conceptual,artist
Richard,Haas,1936,muralist
Eva,Hesse,1936,1970,sculptor
Tom,Holland,1936,painter,mixed,media
Dennis,Hopper,1936,2010,actor,photographer,painter,other,media
Joan,Jonas,1936,video,performance,artist,other,media
Evan,Lindquist,1936,printmaker
Doug,Ohlson,1936,2010,painter
Richard,Pionk,1936,2007,pastellist,painter
Lucas,Samaras,1936,photographer,sculptor,printmaker
Frank,Stella,1936,painter,printmaker
DeWain,Valentine,1936,sculptor
Leo,Valledor,1936,1989,painter
Carlos,Villa,1936,2013,painter
Thornton,Willis,1936,painter
Peter,Campus,1937,video,artist,photographer
Reginald,Case,1937,2009,painter,collagist,sculptor
Ronald,Davis,1937,painter
Eugene,Gregan,1937,painter
Red,Grooms,1937,multimedia,artist,printmaker
Carolyn,Heller,1937,2011,painter,decorative,artist
Robert,Mangold,1937,painter,printmaker
Peter,Max,1937,printmaker,graphic,designer
Larry,Poons,1937,painter
Harvey,Quaytman,1937,2002,painter
Charles,Ross,1937,sculptor
Edward,Ruscha,1937,painter,printmaker,photographer,conceptual,artist
Fritz,Scholder,1937,2005,painter,printmaker,graphic,artist
Bob,Thompson,1937,1966,painter
William,T.,Wiley,1937,painter,printmaker
Marlene,Tseng,Yu,1937,abstract,expressionist
Richard,Van,Buren,1937,sculptor
Larry,Zox,1937,2006,painter
Fran,Bull,1938,painter,printmaker,sculptor,installation,artist
Joan,Brown,1938,1990,painter
Vija,Celmins,1938,painter,graphic,artist,printmaker
Janet,Fish,1938,painter
Robert,Graham,1938,2008,sculptor
Dick,Higgins,1938,1998,Fluxus,artist,composer,writer
Snowden,Hodges,1938,realist
Nancy,Holt,1938,2014,sculptor,installation,earth,artist
Robert,H.,Hudson,1938,sculptor
Brice,Marden,1938,painter,printmaker
Eugene,J.,Martin,1938,2005,collagist,painter,graphic,artist
Clark,Murray,1938,sculptor,painter
Stephen,Howard,Naegle,1938,watercolor,artist
Jim,Nutt,1938,painter
Dennis,Oppenheim,1938,2011,sculptor,installation,earth,artist
Robert,Perless,1938,kinetic,artist
Ben,Sakoguchi,1938
Richard,Serra,1938,sculptor,printmaker
Robert,Smithson,1938,1973,sculptor,installation,earth,artist
Dieterich,Spahn,1938,painter,stained,glass,designer
Peter,Alexander,1939,sculptor
Larry,Bell,1939,sculptor
Jake,Berthot,1939,2014,painter
Scott,Burton,1939,1989,sculptor
Rosemarie,Castoro,1939,2015,painter,sculptor
Judy,Chicago,1939,installation,artist,sculptor
William,Eggleston,1939,photographer
Edward,J.,Fraughton,1939,sculptor,inventor
Nancy,Graves,1939,1995,sculptor,painter,printmaker
Margia,Kramer,1939,interdisciplinary,mixed,media,artist
Robert,Lostutter,1939,painter
Ed,Paschke,1939,2004,painter,printmaker
Carolee,Schneemann,1939,2019,performance,artist
Paul,Shapiro,1939,Abstract,Expressionist,landscape,painter
Diane,Tuckman,1939,silk,painter
Igor,Tulipanov,1939,painter
Mierle,Laderman,Ukeles,1939,feminist,artist,installation,artist
Jack,Whitten,1939,2018,painter
Vito,Acconci,1940,2017,conceptual,artist,installation,artist,performance,artist,filmmaker
Mel,Bochner,1940,conceptual,artist
James,Bohary,1940
Gary,Bower,1940,painter
Chuck,Close,1940,painter,printmaker
John,Connell,1940,2009,painter,sculptor,printmaker
Mimi,Gross,1940,painter
Paul,Havas,1940,2012,landscape,painter
Harvey,Konigsberg,1940,artist
Paul,Laffoley,1940,2015,artist
Elizabeth,Murray,1940,2007,painter,printmaker
Gladys,Nilsson,1940,painter
Jaune,Quick,To,See,Smith,1940,painter,printmaker
Barbara,Rossi,1940,painter
Ernest,Ruckle,1940,died,2018,visual,artist
Steven,L.,Sles,1940,artist
Joan,Snyder,1940,painter
Pat,Steir,1940,painter
Mym,Tuma,1940,painter,mixed,media
Hannah,Wilke,1940,1993,all,media
Peter,Young,1940,painter
Jennifer,Bartlett,1941,painter
Lynda,Benglis,1941,sculptor
Tony,Berlant,1941,mixed,media,artist
Dale,Chihuly,1941,glass,sculptor
John,De,Andrea,1941,sculptor
Peter,Erskine,1941,light,sculptor
André,Harvey,1941,2018,sculptor
Renne,Hughes,1941,1991,painter,photographer
Mary,Kelly,1941,conceptual,artist
William,Leavitt,1941,conceptual,artist,painter,installation,artist
Pat,Lipsky,1941,painter
Judith,Lodge,1941,painter,photographer
Forrest,Myers,1941,sculptor
Bruce,Nauman,1941,installation,artist,video,artist,printmaker
Martin,Puryear,1941,sculptor,printmaker
Anita,Rodriguez,1941,artist,incorporating,ingenious,ceremonialism,mysticism
John,Seery,1941,painter
Keith,Sonnier,1941,sculptor
Richard,Tuttle,1941,sculptor,painter,installation,artist
Jackie,Winsor,1941,sculptor
Joe,Zucker,1941,mixed,media,artist
Judith,Bernstein,1942,feminist,artist
Jonathan,Borofsky,1942,painter,sculptor,installation,artist
Jerry,Dolyn,Brown,1942,2016,folk,artist,potter
Rhea,Carmi,1942,abstract,expressionist,mixed,media,artist
Dan,Christensen,1942,2007,painter
Susan,Crile,1942,painter
Porfirio,DiDonna,1942,1986,painter
Lucien,Dulfan,1942,conceptual,artist
Dan,Graham,1942,conceptual,artist,performance,artist
Jann,Haworth,1942,sculptor
Michael,Kabotie,1942,2009,painter,silversmith
Harry,McCormick,1942,interior,spaces,painter
Bob,Ross,1942,1995,painter,television,artist
David,True,1942,painter
Lawrence,Weiner,1942,conceptual,artist
William,T.,Williams,1942,painter
Michael,Asher,1943,2012,conceptual,artist,installation,artist
Sandra,Bowden,1943,painter
Robert,Butler,1943,2014,painter
Pauline,Campanelli,1943,2001,painter,writer
Cora,Cohen,1943,painter
Ron,Cooper,1943,artist
Robert,Crumb,1943,cartoonist
David,Diao,1943,painter
William,S.,Dutterer,1943,2007,painter
Simon,Gaon,1943,painter
David,Hammons,1943,installation,artist,sculptor
Helen,Hardin,1943,1984,painter
Steven,Kemenyffy,1943,ceramic,artist
Stephen,Kline,1943,painter,photographer,pen,ink
Gordon,Matta,Clark,1943,1978,situationist,site,specific,artist,performance,artist
David,R.,Prentice,1943,painter
Martha,Rosler,1943,video,photo,text,installation,performance,art
Suze,Rotolo,1943,2011,book,artist
Susan,Louise,Shatter,1943,2011,landscape,painter
Betty,Spindler,1943,ceramist
James,Surls,1943,sculptor,visual,artist
James,Turrell,1943,installation,artist
William,Wegman,1943,video,artist,photographer,painter
Jerry,Wilkerson,1943,2007,painter
Christopher,Wilmarth,1943,1987,sculptor
Lewis,Bryden,1944,naturalistic,landscapes
Louis,Delsarte,1944,painter
Don,Eddy,1944,painter
Jan,Harrison,1944,painter,sculptor
Michael,Heizer,1944,sculptor,earth,artist
Sanit,Khewhok,1944,painter,sculptor
Allan,McCollum,1944,conceptual,artist,sculptor,all,media
Richard,Mock,1944,2006,painter
Susan,Mohl,Powers,1944,sculptor,painter
Fred,H.,Roster,1944,2017,sculptor
Allen,Ruppersberg,1944,conceptual,artist,installation,artist
Alan,Saret,1944,sculptor
Michele,Oka,Doner,1945,sculptor,public,artist,printmaker,video,artist
Donray,1945,painter
Sheila,Elias,1945
Carole,Feuerman,1945,sculptor
Charles,Fincher,1945,cartoonist
Helen,C.,Frederick,1945,printmaker
Jack,Goldstein,1945,2003,conceptual,artist,filmmaker,painter
Glenda,Green,1945,painter
Benjamin,Harjo,Jr.,1945,painter,printmaker
Neil,Jenney,1945,painter
Charles,Hollis,Jones,1945,furniture,designer
Joseph,Kosuth,1945,conceptual,artist
Barbara,Kruger,1945,photographer,graphic,artist,sculptor
Suzanne,Lacy,1945,installations,video,performance,artist
Robert,Lawrance,Lobe,1945,sculptor
Paul,McCarthy,1945,sculptor,installation,artist,video,artist
Robert,W.,Olszewski,1945,painter,miniatures,artist
Louise,Parks,1945,painter
Peter,Reginato,1945,sculptor
Judy,Rifka,1945,painter,video,artist
Susan,Rothenberg,1945,painter,printmaker
Sean,Scully,1945,painter,printmaker
Carol,Sutton,1945,painter
Audrey,Ushenko,1945,realist,figurative,painter
Daisy,Youngblood,1945,ceramic,artist,sculptor
Charles,Arnoldi,1946,painter
Dennis,Ashbaugh,1946,painter
Alice,Aycock,1946,sculptor
Frances,Bagley,1946,American,sculptor
Jean,Bales,1946,2004,painter,printmaker
Betty,Beaumont,1946,site,specific,artist,all,media
EC,Bell,1946,painter
Chris,Burden,1946,2015,performance,artist,sculptor
T.C.,Cannon,1946,1978,painter
Dennis,H.,Farber,1946,2017,painter,photographer
Don,Gummer,1946,sculptor
David,Eugene,Henry,1946,painter,sculptor
Nabil,Kanso,1946,painter
Lev,Kublanov,1946,graphic,artist
Fran,Lew,1946,painter
Robert,Mapplethorpe,1946,1989,photographer
Anthony,McCall,1946,installation,artist,projected,film
Anne,Neely,1946,painter
Lonnie,Ortega,1946,aviation,artist
David,Reed,1946,painter
Marsha,Steinberg,1946,drawing,etchings,paintings
Jamie,Wyeth,1946,painter
Bhakti,Ziek,1946,textiles
Laurie,Anderson,1947,experimental,performance,artist,musician
Allen,'Big,Al',Carter,1947,2008,painter,printmaker,photographer,sculptor
Sarah,Charlesworth,1947,2013,conceptual,artist,photographer
Daniel,Kelly,1947,painter,printmaker
Ronnie,Landfield,1947,painter
Louise,Lawler,1947,photographer
Sherrie,Levine,1947,conceptual,artist
Richard,Minsky,1947,bookbinder,cover,artist
Stephen,Mueller,1947,2011,painter
Eduardo,Oropeza,1947,2003
Linda,Ridgway,1947,sculptor
Christine,Rosamond,1947,1994,painter
James,Schoppert,1947,1992,Alaskan,Native,artist
Bill,Stoneham,1947,feature,film,creature,shop,surrealist,illustrator
Ronnie,Cutrone,1948,2013,painter
Eric,Fischl,1948,painter,printmaker
David,Geiser,1948,painter
Thomas,Lanigan,Schmidt,1948,installation,collage
Jonathan,Lasker,1948,painter
Ana,Mendieta,1948,1985,performance,artist
Meridel,Rubenstein,1948,photographer,installation,artist
Judith,Shea,1948,sculptor
Hollis,Sigler,1948,2001,painter,printmaker
Lizbeth,Stewart,1948,2013,ceramist
Altoon,Sultan,1948,painter
J.,Craig,Thorpe,1948,landscape,artist
J.,Chris,Wilson,1948,artist
Brian,Wood,1948,film,maker,multiple,media,painter,photographer
Ross,Bleckner,1949,painter
Deborah,Butterfield,1949,sculptor
Stephen,Hickman,1949,illustrator,sculptor
Geoffrey,Laurence,1949,painter
Dellamarie,Parrilli,1949,abstract,expressionist,action,painter,jewelry,designer
Richard,Prince,1949,painter,photographer,sculptor
Archie,Rand,1949,painter,muralist
Barbara,Schwartz,1949,2006,painter,sculptor
Laurie,Simmons,1949,photographer
Josh,Simpson,1949,glass,artist
Mark,Tansey,1949,painter
Andrea,Way,1949,painter,sculptor
Jean,Wells,1949,mosaic,sculptor
Lesley,Dill,1950,all,media
Lin,Evola,1950
Margery,E.,Goldberg,1950,painter,sculptor
Jenny,Holzer,1950,conceptual,artist
Marilyn,Kirsch,1950,painter
Jack,Reilly,1950,painter
James,Rizzi,1950,2011,painter
Mary,Michael,Shelley,1950,carver,painter
Ira,Sherman,1950,sculptor
Glennray,Tutor,1950,painter
Douglas,Bourgeois,1951,sculptor,figurative,painter
Louisa,Chase,1951,2016,painter
Philip,Lorca,diCorcia,1951,photographer
Mary,Heebner,1951,painter
Gary,Hill,1951,video,installation,artist
Lee,H.,Letts,1951,bronze,sculptor,goldsmith,painter
Melissa,Miller,1951,painter
Matt,Mullican,1951,video,painting,electronic,media,installation
Joseph,Nechvatal,1951,digital,painter
Nic,Nicosia,1951,American,art,photographer
James,Dean,Pruner,1951,1987,or,1988,painter,printmaker,sculptor
Julian,Schnabel,1951,painter,filmmaker
Peter,Shelton,1951,American,sculptor
Michael,Smith,1951,performance,video,installation,artist
Lynne,Woods,Turner,1951,abstract,painter
Bill,Viola,1951,video,artist
Russ,Warren,1951,figurative,painter
William,Wolk,1951,realist,painter
Chris,Campbell,1952,painter
David,Em,1952,digital,art
Sonya,Fe,1952,painter
Ken,Feingold,1952,installation,artist,all,media
Sam,Havadtoy,1952,painter,interior,designer
Nicholas,Hondrogen,1952,2007,painter
Cynthia,Knott,1952,seascapes
Deborah,Nehmad,1952,printmaker,mixed,media,artist
Tom,Otterness,1952,sculptor
Lari,Pittman,1952,painter
John,Pomara,1952,abstract,artist
Clifford,Ross,1952,painter,photographer,video
David,Salle,1952,painter
Linda,St.,Clair,1952,wildlife,painter
Larry,Dell,Alexander,1953,painter
Debra,Bermingham,1953,interior,scenes,still,lifes
Rebecca,Bluestone,1953,tapestry,weaver
Sean,K.,L.,Browne,1953,sculptor
James,Casebere,1953,photographer
Gordon,Chandler,1953,sculptor
Jeff,Chapman,Crane,1953,painter
April,Gornik,1953,painter
Alex,Grey,1953,artist
Michael,Hafftka,1953,painter
Peter,Halley,1953,painter
Malcolm,T.,Liepke,1953,painter
Robert,Longo,1953,sculptor,graphic,artist
Csaba,Markus,1953,painter,sculptor,graphic,artist
Stephen,Namara,1953,figurative,artist
Tom,Nussbaum,1953,painter,sculptor,graphic,artist
Charles,Ray,1953,sculptor
Geoffrey,Raymond,1953,painter,executive,portraits
Alexander,Tsiaras,1953,painter
Carol,Wax,1953,printmaker
Carrie,Mae,Weems,1953,photographer
Stephen,Westfall,1953,painter,art,critic
Mary,Endico,1954,painter,watercolorist
Robert,Gober,1954,sculptor
Joseph,Havel,1954,sculptor
Mike,Kelley,1954,2012,all,media
Stephen,Little,1954,painter,scholar
Francis,X.,Pavy,1954,painter,sculptor
Cindy,Sherman,1954,photographer
Kiki,Smith,1954,sculptor,printmaker,all,media
Randy,Souders,1954,painter
Fred,Wilson,1954,conceptual,artist,printmaker
David,Wojnarowicz,1954,1992,painter,photographer
Katherine,Bowling,1955,layered,landscapes
Charles,Fazzino,1955,silkscreen,serigraph,pop,artist
F.,Scott,Hess,1955,painter,conceptual,artist
Roni,Horn,1955,sculptor,photographer
Terrell,James,1955,painter,sculptor
Karen,Kilimnik,1955,painter,installation,artist
Jeff,Koons,1955,sculptor
Christian,Marclay,1955,visual,artist,composer
Robert,Lyn,Nelson,1955,marine,painter
Philip,Taaffe,1955,painter,printmaker
David,Tineo,1955,cultural,identity,issues,artist
Michael,Toombs,1955,painter,arts,educator
Jeffrey,Vallance,1955,conceptual,artist
Karen,Wheeler,1955,painter
Richard,Wyatt,Jr.,1955,painter,muralist
Mark,Beard,1956,painter,sculptor,set,designer
Mark,Bloch,1956,interdisciplinary,artist
F.,Lennox,Campello,1956,visual,multimedia,artist
Kaloust,Guedel,1956,painter,sculptor
Julian,Hatton,1956,painter
Soraida,Martinez,1956,painter
Alison,Saar,1956,sculptor,installation,artist
Fred,Tomaselli,1956,painter
Julie,Ault,1957,collaborative,artist,curator
Sarah,Brayer,1957,painter,paper,artist,printmaker
Fred,Cray,1957,photographer
Felix,Gonzalez,Torres,1957,1996,sculptor,installation,artist,interdisciplinary
Jim,Hodges,1957,sculptor
Clay,Huffman,1957,2001,painter
Tony,Oursler,1957,video,performance,installation,artist
Adam,Shaw,1957,painter
James,Siena,1957,painter
Ben,Aronson,1958,painter
Wayne,Barlowe,1958,science,fiction,fantasy,painter
John,Dubrow,1958,painter
Lori,K.,Gordon,1958,multi,media,artists
Keith,Haring,1958,1990,graphic,artist,muralist,sculptor,printmaker
Tracy,Harris,1958,painter
Wendy,W.,Jacob,1958,sculptor
Thomas,Kinkade,1958,2012,painter
Christie,Repasy,1958,floral,painter
James,Romberger,1958,pastels,comics
Kenny,Scharf,1958,painter
Renee,Stout,1958,assemblagist
,Ray,Turner,1958,painter,portraits,landscapes
Jeff,Wassmann,1958,assemblage
Francesca,Woodman,1958,1981,photographer
Ashley,Bickerton,1959,painter,sculptor
Laura,Bruce,1959,artist
Anne,Chu,1959,2016,sculptor
Donny,Johnson,,1959,painter,unconventional,technique
Maya,Lin,1959,installation,artist
Raymond,Persinger,1959,sculptor,public,artist
Jerry,Weiss,1959,painter
Jean,Michel,Basquiat,1960,1988,painter
Bob,Eggleton,1960,science,fiction,fantasy,horror,artist.
Laura,Ann,Jacobs,1960,sculptor,mixed,media,artist.
MaPo,Kinnord,1960,ceramic,artist,sculptor,educator.
Glenn,Ligon,1960,conceptual,artist,all,media
Sono,Osato,1960,artist
Jack,Pierson,1960,sculptor,photographer,other,media
Lorna,Simpson,1960,photographer
Tim,Tate,1960,multimedia,sculptor,video,artist
Sam,Durant,1961,variety,of,media
Nestor,Hernández,1961,2006,photographer
Zoe,Leonard,1961,photographer,visual,artist
Catherine,Opie,1961,photographer
Geoffrey,C.,Smith,1961,sculptor
Rirkrit,Tiravanija,1961,conceptual,artist,installation,artist
Israel,Tsvaygenbaum,1961,painter
Daniel,Adel,1962,painter,illustrator
Gregory,Crewdson,1962,photographer
John,Currin,1962,painter
Misha,Lenn,1962,watercolor,painter
Renee,McGinnis,1962,painter
Rebecca,Jo,Morales,1962,painter
Laura,Myntti,1962,painter
Lisa,Yuskavage,1962,painter
Gretchen,Baer,1963,painter,performance,artist
Rina,Banerjee,1963,painter
Kathy,Butterly,1963,sculptor
Jon,Coffelt,1963,painter,sculptor,book,arts,curator
Chris,Lattanzio,1963,artist
Paul,Henry,Ramirez,1963,painter
Spar,Street,1963,painter,sculptor
Janine,Antoni,1964,sculptor,installation,artist
Margarete,Bagshaw,1964,painter,clay,artist
Meghan,Boody,1964,surrealist,artist
Rachel,Lachowicz,1964,painter
Ray,Navarro,1964,1990,artist,filmmaker,HIV/AIDS,activist
Jason,Teraoka,1964,painter
Erwin,Timmers,1964,environmental,sculptor
Andrea,Fraser,1965,performance,artist
Tom,Friedman,1965,sculptor
Ellen,Gallagher,1965,painter,mixed,media,artist
Elizabeth,Peyton,1965,painter
Jason,Rhoades,1965,2006,installation,artist
Paul,Rusconi,1965,painter,mixed,media,artist
Brian,Rutenberg,1965,abstract,painter
Andrea,Zittel,1965,sculptor,installation,artist
Margaret,Boozer,1966,ceramist
Bela,Borsodi,1966,photographer
Charlie,Bynar,1966,watercolorist
Susanne,Crane,1966,Minnesota,artist
Rachel,Harrison,1966,sculptor,photographer
Annette,P.,Jimerson,1966,painter
Josiah,McElheny,1966,sculptor,glass,artist
Ithaka,1966,sculptor,photographer,painter,musician
Ivan,Morley,1966,painter
Roxy,Paine,1966,sculptor,kinetic,art
Jonathan,Podwil,1966,painter
Matthew,Barney,1967,multimedia,artist,sculptor,filmmaker
Geoffrey,Chadsey,1967,painter,draftsman
Harrell,Fletcher,1967,socially,engaged,interdisciplinary,projects
Davyd,Whaley,1967,2014,painter
Doug,Aitken,1968,multimedia,artist
Dave,Halili,1968,painter,illustrator,designer,of,album,covers,posters,graphic,merchandise
Matt,Kish,1968,artist,illustrator,book,cover,illustrator
Amanda,Matthews,1968,sculptor,painter,public,art,designer
Manuel,Rivera,Ortiz,1968,documentary,photographer
Andrew,Cornell,Robinson,1968,sculptor,ceramist,painter,printmaker
Inka,Essenhigh,1969,painter
Kara,Walker,1969,collage,artist,painter,printmaker,installation,artist
Bob,Coronato,1970,painter,printmaker
Clandestine,Culture,1970,painter,multidisciplinary,artist
Shepard,Fairey,1970,painter,printmaker,illustrator,muralist
Susie,Frazier,1970,mixed,media
Ron,Laboray,1970,conceptual,art,painting
John,Newsom,1970,painter
Scott,A.,Spencer,1970,abstract,painter
Michael,Birawer,1971,surrealist,urban,settings,painter
Luke,Butler,1971,artist
Paul,Kremer,1971,artist
Andrew,Prokos,1971,photographer
John,Waguespack,1971,artist
Logan,Hicks,1971Artist
Jules,de,Balincourt,1972,French,American,nationality,painter
Letitia,Huckaby,1972,photographer,mixed,media
Monika,Steiner,1972,artist,sculptor
Kelly,Sueda,1972,painter
Erick,Swenson,1972,sculptor
Charlie,White,1972,photographer
Hayley,Barker,1973,painter,drawer,spiritual,experience,landscape,ritual
Violet,Hopkins,1973,painter
Rosy,Lamb,1973,painter,sculptor,based,in,Paris
Carrie,Ann,Baade,1974,painter
Jason,D'Aquino,1974
Lee,Kohse,1974,painter
Marni,Kotak,1974,performance,artist
Aaron,Padilla,1974,ceramist,woodworker
John,Ross,Palmer,1974,painter
Lauren,Fensterstock,1975,installation,artist,sculptor,goldsmith
Adreon,Henry,1975,artist
Sedrick,Huckaby,1975,painter
Elliott,Johnson,1975,painter,designer
Patrick,McGrath,Muñíz,1975,painter
Greg,Simkins,1975,painter
Seamus,Conley,1976,artist
Marlon,Forrester,1976,painter,educator
Mathew,Hintz,1976,impressionist,painter,drawer
Casey,McKee,1976,artist
William,Powhida,1976,drawing
Becca,Bernstein,1977,painter
Eric,Daigh,1977,mixed,media
David,Herbert,1977,sculpture,installation,video
Tim,Lokiec,1977,2,D,mixed,media
Vadis,Turner,1977,mixed,media
Lesley,Vance,painter
Hernan,Bas,1978,painter
John,Kleckner,1978,painter
Chad,Person,1978,sculptor,collage,artist
Rachel,Bess,,1979,painter
Evan,Gruzis,1979,painter
Jimmy,Kuehnle,1979,sculpture,performance,installation
Tameka,Norris,1979,performance,artist
Kadar,Brock,1980,abstract,artist
Sarah,Beth,Goncarova,1980,painter,sculptor,installation,artist
Richard,T.,Scott,1980,painter
Michael,Tarbi,1980,artist
Lindsey,White,1980,visual,artist,photography,video,sculpture,book,making
Rafa,Esparza,1981,performance,artist
Dash,Snow,1981,2009,artist
Francesca,DiMattio,1981,artist
Sean,Raspet,1981,artist
Wendy,Red,Star,1981,multimedia,artist
Heather,Dewey,Hagborg,information,artist,bio,hacker
Wu,Tsang,1982,filmmaker,performance,artist
Aleah,Chapin,1986,portrait,painter
Alexa,Meade,1986,body,artist
Brenna,Murphy,1986,psychedelic,visual,forms,combined,with,three,dimensional,object
Lauren,Silva,1987,painter
Ari,Glass,1989,painter,designer,musician
Thomas,Arvid,oil,painter
Michele,Banks,painter
Pauline,Blandina,watercolorist
Dorothy,Braudy,artist
Charlot,Byj,greeting,card,advertising,artist
Nancy,Calef,figurative,painter
Sheila,Cameron,artist,graphic,designer
Adam,Cooley,painter,sculptor
Rosetta,DeBerardinis,painter
David,Dewey,watercolor,landscapes
Michael,D.,Fay,war,combat,artist
Chawky,Frenn,painter,art,professor
MK,Guth,installation,artist
Scott,Jacobs,photorealism
Becky,Kelly,watercolor,illustrator
Hedy,Klineman,celebrity,portraits
Llanakila,painter,digital,artist
Don,H.,Marr,painter,romantic,realism,sociocomic,surrealism
Scape,Martinez,abstract,artist,muralist
Anado,McLauchlin,artist
Haley,Mellin,artist
Betty,Merken,painter,printmaker,abstract,geometric,monotypes
John,Randall,Nelson,painter,sculptor
Pamela,Nelson,contemporary,painter,installation,artist
Maria,Ogedengbe,artist
Hal,Olsen,artist
David,Wells,Roth,figurative,painter
Diane,Tuckman,silk,painter
Pheoris,West,artist
